name,state_previous,state_current,state_since,status,id,title,year,best_with,recommended_with,avg_rating,no_ratings,bgg_rank,played,wishlist
The Taverns Of Tiefenthal,Unavailable,Unavailable,2025-01-24 11:43:30,No Change,269207,The Taverns of Tiefenthal,2019.0,Best with 2–3 players,Recommended with 2–4 players,7.57708,15345.0,242,False,False
-Säljs från Lånebiblioteket- 3D Labyrinth,,,2025-01-20 09:57:43,Removed,Unknown,,,,,,,,False,False
-Säljs från Lånebiblioteket- HINT Junior (sv),,,2025-01-07 15:48:29,Removed,Unknown,,,,,,,,False,False
-Säljs från Lånebiblioteket- Idiotkunskap,,,2025-01-20 09:57:43,Removed,Unknown,,,,,,,,False,False
-Säljs från Lånebiblioteket- Kurragömma på Bondgården,,,2025-01-27 08:46:43,Removed,Unknown,,,,,,,,False,False
-Säljs från Lånebiblioteket- Myretuen (Myrstacken),Available,Available,2025-01-16 17:02:50,No Change,Unknown,,,,,,,,False,False
-Säljs från Lånebiblioteket- Nåt Ska Bort,,,2025-01-27 08:46:43,Removed,Unknown,,,,,,,,False,False
-Säljs från Lånebiblioteket- På 5 sekunder,,,2025-01-27 08:46:43,Removed,Unknown,,,,,,,,False,False
3D Labyrinth,,,2025-01-16 17:02:50,Removed,8308,3D Labyrinth,2002.0,Best with 4 players,Recommended with 4 players,5.17774,164.0,26296,False,False
7 Wonders 2nd Edition (sv),Unavailable,Unavailable,2024-12-26 11:08:30,No Change,Unknown,,,,,,,,True,False
7 Wonders Architects (sv),Unavailable,Unavailable,2025-01-16 17:02:50,No Change,331815,7 Wonders (Second Edition): Architects Guild Promo Card,2020.0,,(no votes),7.83176,17.0,Not Ranked,False,False
AQUA (sv),Available,Available,2025-01-16 17:02:50,No Change,405924,Aqua,2024.0,,(no votes),6.74194,31.0,19198,False,False
Adventure Games: The Volcanic Island (en),Available,Available,2024-12-26 11:08:30,No Change,284082,Adventure Games: The Volcanic Island,2019.0,Best with 2 players,Recommended with 1–4 players,5.92092,684.0,8862,False,False
Agricola Revised,Unavailable,Unavailable,2025-01-16 17:02:50,No Change,200680,Agricola (Revised Edition),2016.0,Best with 3–4 players,Recommended with 1–4 players,7.95072,18939.0,79,False,False
Agropolis,Available,Available,2024-12-26 11:08:30,No Change,314088,Agropolis,2021.0,Best with 1 players,Recommended with 1–2 players,7.31483,2469.0,1308,False,False
Akropolis (sv),Available,Available,2024-12-26 11:08:30,No Change,357563,Akropolis,2022.0,Best with 3 players,Recommended with 2–4 players,7.47802,7947.0,451,False,False
Allmoge,Available,Available,2025-01-16 17:02:50,No Change,430461,Allmoge,2024.0,,(no votes),8.5,3.0,Not Ranked,False,False
Aquatica,Available,Available,2024-12-26 11:08:30,No Change,283393,Aquatica,2019.0,Best with 3 players,Recommended with 2–4 players,7.37012,6926.0,569,False,False
Arboretum,Available,Available,2025-01-16 17:02:50,No Change,140934,Arboretum,2015.0,Best with 2 players,Recommended with 2–4 players,7.28108,21507.0,381,True,False
Avant Carde,Available,Available,2024-12-26 11:08:30,No Change,390163,Avant Carde,2024.0,Best with 3 players,Recommended with 2–4 players,6.97969,323.0,6008,False,False
Azul Mini,,,2025-01-20 09:57:43,Removed,230802,Azul,2017.0,Best with 2 players,Recommended with 2–4 players,7.73701,96260.0,80,False,False
Azul: Stained Glass of Sintra,Unavailable,Unavailable,2025-01-16 17:02:50,No Change,256226,Azul: Stained Glass of Sintra,2018.0,Best with 3 players,Recommended with 2–4 players,7.29942,13919.0,461,False,False
BOOoop. / Boop.,Available,Available,2024-12-26 11:08:30,No Change,Unknown,,,,,,,,False,False
Babylonia,Available,Available,2024-12-26 11:08:30,No Change,20871,Babylonia,2005.0,,(no votes),4.0,3.0,Not Ranked,False,False
Backgammon Medium Green (1732),Available,Available,2024-12-26 11:08:30,No Change,Unknown,,,,,,,,False,False
Balloon Pop (sv),Unavailable,Unavailable,2025-01-27 08:46:43,No Change,386761,Balloon Pop,2023.0,Best with 3 players,Recommended with 2–4 players,6.12514,181.0,12903,False,False
Barrage,Unavailable,Unavailable,2025-01-27 08:46:43,No Change,251247,Barrage,2019.0,Best with 4 players,Recommended with 2–4 players,8.15774,19006.0,36,False,False
Bermuda Pirates,Available,Available,2024-12-26 11:08:30,No Change,244909,Bermuda Pirates,2019.0,Best with 4 players,Recommended with 2–4 players,6.29885,139.0,13043,False,False
Bezzerwizzer (sv),Available,Available,2024-12-26 11:08:30,No Change,32441,Bezzerwizzer,2007.0,"Best with 4, 8 players","Recommended with 3–6, 8–10, 12 players",6.41268,3403.0,2890,False,False
Bezzerwizzer Timeline,Available,Available,2024-12-26 11:08:30,No Change,337617,Bezzerwizzer Timeline,2021.0,Best with 3–4 players,Recommended with 3–5 players,6.7527,74.0,13615,False,False
Bites,Available,Available,2024-12-26 11:08:30,No Change,277927,Bites,2020.0,Best with 3 players,Recommended with 2–5 players,7.11856,1911.0,1869,False,False
Brass Birmingham,Unavailable,Unavailable,2024-12-26 11:08:30,No Change,224517,Brass: Birmingham,2018.0,Best with 3–4 players,Recommended with 2–4 players,8.58623,49239.0,1,False,True
Bruxelles 1897,Available,Available,2024-12-26 11:08:30,No Change,275913,Bruxelles 1897,2019.0,Best with 3 players,Recommended with 2–4 players,7.16519,2048.0,1772,False,False
Calico,Unavailable,Unavailable,2024-12-26 11:08:30,No Change,283155,Calico,2020.0,Best with 2 players,Recommended with 1–4 players,7.51547,20196.0,251,False,False
Canvas,Unavailable,Unavailable,2025-01-16 17:02:50,No Change,81703,Canvas,2010.0,,(no votes),8.0,2.0,Not Ranked,False,False
Cascadia,Unavailable,Unavailable,2025-01-16 17:02:50,No Change,295947,Cascadia,2021.0,Best with 2–3 players,Recommended with 1–4 players,7.93274,43260.0,49,True,False
Catan (eng),Unavailable,Unavailable,2025-01-16 17:02:50,No Change,134277,World Wonders (fan expansion for Catan),2012.0,Best with 3–4 players,Recommended with 3–6 players,7.575,30.0,Not Ranked,True,False
Catan (sv),Unavailable,Unavailable,2024-12-26 11:08:30,No Change,134277,World Wonders (fan expansion for Catan),2012.0,Best with 3–4 players,Recommended with 3–6 players,7.575,30.0,Not Ranked,True,False
Catan Junior (sv),Unavailable,Unavailable,2025-01-20 09:57:43,No Change,184842,Catan Junior,2014.0,Best with 4 players,Recommended with 2–4 players,6.52709,1170.0,4252,False,False
Catch the Moon (en),Available,Available,2024-12-26 11:08:30,No Change,218129,Catch the Moon,2017.0,Best with 3–4 players,Recommended with 1–5 players,6.74506,1877.0,2682,False,False
Century: Spice Road (sv),Unavailable,Unavailable,2025-01-16 17:02:50,No Change,209685,Century: Spice Road,2017.0,Best with 3–4 players,Recommended with 2–5 players,7.3001,26086.0,357,False,False
Ceylon,Available,Available,2024-12-26 11:08:30,No Change,59969,Ceylon,2009.0,,(no votes),6.25,2.0,Not Ranked,False,False
Chess/Schack (2706),Available,Available,2024-12-26 11:08:30,No Change,Unknown,,,,,,,,True,False
Chronicles of Crime,Unavailable,Unavailable,2024-12-26 11:08:30,No Change,239188,Chronicles of Crime,2018.0,Best with 2 players,Recommended with 1–3 players,7.57117,23266.0,293,True,False
Citadels (Revised),Available,Available,2025-01-27 08:46:43,No Change,478,Citadels,2000.0,Best with 5 players,Recommended with 2–7 players,7.05861,55385.0,536,False,False
Cluedo: Svek på Swartwiks herrgård,Unavailable,Unavailable,2024-12-26 11:08:30,No Change,369483,Clue: Treachery at Tudor Mansion,2022.0,Best with 4 players,Recommended with 2–6 players,6.32346,306.0,9397,False,False
Codenames (Svenska),Unavailable,Unavailable,2025-01-16 17:02:50,No Change,178900,Codenames,2015.0,"Best with 6, 8 players",Recommended with 4–8+ players,7.53607,95820.0,151,False,False
Codenames Duet,Available,Available,2024-12-26 11:08:30,No Change,224037,Codenames: Duet,2017.0,Best with 2 players,Recommended with 2 players,7.42675,24049.0,258,False,False
Coffee Rush (sv),Available,Available,2025-01-16 17:02:50,No Change,377061,Coffee Rush,2023.0,Best with 3 players,Recommended with 2–4 players,7.15307,2011.0,1990,False,False
Concept,Unavailable,Unavailable,2024-12-26 11:08:30,No Change,147151,Concept,2013.0,Best with 6 players,Recommended with 3–12 players,6.75345,20763.0,1041,False,False
Copenhagen (sv),Available,Available,2025-01-16 17:02:50,No Change,269595,Copenhagen,2019.0,Best with 4 players,Recommended with 2–4 players,6.96252,4121.0,1363,False,False
Coup (eng),Unavailable,Unavailable,2024-12-26 11:08:30,No Change,1653,Coup,1991.0,Best with 2 players,Recommended with 2 players,5.15647,85.0,25525,False,False
Det borde man ju veta!,Available,Available,2024-12-26 11:08:30,No Change,137167,...I should have known that!,2011.0,"Best with 2, 4 players",Recommended with 2–4 players,5.13047,153.0,26357,False,False
Dixit,Available,Available,2025-01-20 09:57:43,No Change,39856,Dixit,2008.0,Best with 5–6 players,Recommended with 4–8 players,7.19454,66408.0,394,False,False
Dobble (aka Spot It!),Unavailable,Unavailable,2025-01-27 08:46:43,No Change,63268,Spot it!,2009.0,Best with 4–5 players,Recommended with 2–7 players,6.54638,19895.0,1526,False,False
Dorfromantik (en),Unavailable,Unavailable,2025-01-16 17:02:50,No Change,406315,Dorfromantik: Expansion Content from Dorfromantik – The Duel,2023.0,,(no votes),7.66667,15.0,Not Ranked,False,True
Dorfromantik: The Duel,Unavailable,Unavailable,2024-12-26 11:08:30,No Change,395364,Dorfromantik: The Duel,2023.0,Best with 2 players,Recommended with 2 players,7.09678,366.0,5588,False,True
Dragomino,Unavailable,Unavailable,2025-01-27 08:46:43,No Change,300010,Dragomino,2020.0,Best with 3–4 players,Recommended with 2–4 players,7.0627,2479.0,1732,False,False
DubbelYatzy,Available,Available,2025-01-20 09:57:43,No Change,146227,DubbelYatzy,2013.0,Best with 2 players,Recommended with 1–6 players,6.19355,31.0,21316,False,False
Dungeon Mayhem: Monster Madness,Available,Available,2024-12-26 11:08:30,No Change,295577,Dungeon Mayhem: Monster Madness,2020.0,Best with 4 players,Recommended with 2–6 players,7.45128,1549.0,1970,False,False
Döttrar & Söner,Available,Available,2024-12-26 11:08:30,No Change,380656,Döttrar & Söner,2022.0,,(no votes),0.0,0.0,Not Ranked,False,False
Eldritch Horror,Available,Available,2025-01-27 08:46:43,No Change,146021,Eldritch Horror,2013.0,Best with 4 players,Recommended with 1–6 players,7.74821,37250.0,122,False,False
Everdell (sv),Unavailable,Unavailable,2024-12-26 11:08:30,No Change,199792,Everdell,2018.0,Best with 3 players,Recommended with 1–4 players,8.0114,58349.0,38,False,True
Ex Libris 2nd. Edition,Available,Available,2025-01-16 17:02:50,No Change,Unknown,,,,,,,,False,False
Exit Kids: Gåtornas Djungel,Available,Available,2024-12-26 11:08:30,No Change,Unknown,,,,,,,,False,False
Exploding Kittens - Original Edition,Available,Available,2025-01-27 08:46:43,No Change,Unknown,,,,,,,,True,False
Famous Women Trivia Quiz,Available,Available,2025-01-20 09:57:43,No Change,Unknown,,,,,,,,False,False
Flamecraft,Unavailable,Unavailable,2025-01-16 17:02:50,No Change,336986,Flamecraft,2022.0,Best with 3 players,Recommended with 1–5 players,7.41592,16443.0,377,False,False
Flamme Rouge,Available,Available,2024-12-26 11:08:30,No Change,199478,Flamme Rouge,2016.0,Best with 4 players,Recommended with 2–4 players,7.48691,18515.0,270,True,False
Flamme Rouge BMX (sv),Available,Available,2024-12-26 11:08:30,No Change,395256,Flamme Rouge BMX,2023.0,Best with 3–4 players,Recommended with 3–4 players,6.14576,59.0,18267,False,False
Foto Fish,Available,Available,2024-12-26 11:08:30,No Change,291550,Foto Fish,2020.0,Best with 2–3 players,Recommended with 2–4 players,6.41207,87.0,15738,False,False
Furnace,Available,Available,2024-12-26 11:08:30,No Change,318084,Furnace,2020.0,Best with 3–4 players,Recommended with 2–4 players,7.40593,11561.0,390,False,False
Galaxy Trucker,Available,Available,2025-01-07 15:48:29,No Change,31481,Galaxy Trucker,2007.0,Best with 4 players,Recommended with 2–4 players,7.3388,34678.0,287,False,False
Gateway Island,Unavailable,Unavailable,2024-12-26 11:08:30,No Change,356999,Gateway Island,2022.0,Best with 2–5 players,Recommended with 1–12 players,7.51701,366.0,5202,False,False
Genotype,Available,Available,2024-12-26 11:08:30,No Change,252752,Genotype: A Mendelian Genetics Game,2021.0,Best with 3–4 players,Recommended with 1–5 players,7.46073,2363.0,1225,False,False
Grove: 9 Card Solitaire Game,Available,Available,2024-12-26 11:08:30,No Change,329873,Grove: 9 card solitaire game,2021.0,Best with 1 players,Recommended with 1 players,7.60539,2229.0,1136,False,False
Gå på Plankan (sv),Available,Available,2025-01-02 08:46:25,No Change,367771,Stomp the Plank,2022.0,Best with 4 players,Recommended with 2–4 players,6.92552,619.0,4343,False,False
Hansa Teutonica Big Box,Available,Available,2024-12-26 11:08:30,No Change,286749,Hansa Teutonica: Big Box,2020.0,Best with 5 players,Recommended with 3–5 players,8.37795,5919.0,Not Ranked,False,False
Harmonies,Available,Available,2025-01-24 11:43:30,No Change,414317,Harmonies,2024.0,Best with 2–3 players,Recommended with 1–4 players,8.01314,9388.0,143,False,False
Heckmeck Deluxe,Available,Available,2025-01-20 09:57:43,No Change,245200,Heckmeck Deluxe,2018.0,Best with 4 players,Recommended with 2–6 players,7.01334,841.0,Not Ranked,False,False
HerStory,Available,Available,2025-01-16 17:02:50,No Change,369436,HerStory,2022.0,Best with 3–4 players,Recommended with 2–5 players,6.7128,590.0,4944,False,False
Here to Slay,Available,Available,2024-12-26 11:08:30,No Change,299252,Here to Slay,2020.0,Best with 3–4 players,Recommended with 2–5 players,6.89981,6880.0,1474,False,False
Hint Go (sv),Available,Available,2024-12-26 11:08:30,No Change,165628,HINT,2014.0,"Best with 6, 8 players",Recommended with 4–10 players,6.6507,474.0,6352,False,False
Hissy Fit,Available,Available,2025-01-16 17:02:50,No Change,371333,Hissy Fit,2024.0,Best with 2 players,Recommended with 1–4 players,7.16587,104.0,10587,False,False
Hive Pocket (Gen42 only Edition),Available,Available,2025-01-16 17:02:50,No Change,154597,Hive Pocket,2010.0,Best with 2 players,Recommended with 2 players,7.69581,13560.0,Not Ranked,False,False
Honey Buzz,Unavailable,Unavailable,2025-01-16 17:02:50,No Change,284742,Honey Buzz,2020.0,Best with 3 players,Recommended with 1–4 players,7.54323,7042.0,442,False,False
Horizons of Spirit Island,Unavailable,Unavailable,2025-01-07 15:48:29,No Change,367498,Horizons of Spirit Island,2022.0,Best with 2 players,Recommended with 1–3 players,8.17992,2355.0,641,True,True
Horrified,Unavailable,Unavailable,2024-12-26 11:08:30,No Change,282524,Horrified,2019.0,Best with 3 players,Recommended with 1–5 players,7.6277,17549.0,213,True,False
Idiotkunskap,,,2025-01-16 17:02:50,Removed,125083,Things They Don't Teach You in School,2010.0,Best with 4 players,Recommended with 4 players,4.24286,70.0,26809,False,False
Imagine,Unavailable,Unavailable,2025-01-27 08:46:43,No Change,191894,Imagine,2015.0,Best with 4–6 players,Recommended with 3–8 players,6.82916,4352.0,1621,False,False
Jaws,Available,Available,2025-01-16 17:02:50,No Change,7563,Jaws,1975.0,Best with 2 players,Recommended with 2–4 players,4.88636,132.0,26874,False,False
Jekyll & Hyde vs Scotland Yard,Unavailable,Unavailable,2024-12-26 11:08:30,No Change,377793,Jekyll & Hyde vs Scotland Yard,2023.0,Best with 2 players,Recommended with 2 players,7.42255,565.0,3731,False,False
Joking Hazard,Available,Available,2025-01-20 09:57:43,No Change,193621,Joking Hazard,2016.0,Best with 5 players,Recommended with 3–7 players,6.24843,6200.0,3114,False,False
Just one (eng),Unavailable,Unavailable,2024-12-26 11:08:30,No Change,180694,Cocks Abreast Hostility: Cock Pack One – Just the Tip,2015.0,,(no votes),7.8125,8.0,Not Ranked,False,True
Karak,Available,Available,2024-12-26 11:08:30,No Change,241477,Karak,2017.0,Best with 3–4 players,Recommended with 2–5 players,7.19373,3274.0,1430,False,False
King of Tokyo (sv),Available,Available,2025-01-16 17:02:50,No Change,70323,King of Tokyo,2011.0,Best with 4–5 players,Recommended with 3–6 players,7.12716,72438.0,444,False,False
Kluster,Unavailable,Unavailable,2025-01-16 17:02:50,No Change,277458,Kluster,2018.0,Best with 3 players,Recommended with 2–4 players,6.64165,3227.0,2252,False,False
Kurragömma i Safariparken,Available,Available,2024-12-26 11:08:30,No Change,420073,Kurragömma i Safariparken,2020.0,,(no votes),7.5,1.0,Not Ranked,False,False
Kurragömma på Bondgården,,,2025-01-16 17:02:50,Removed,Unknown,,,,,,,,False,False
Land Vs Sea,Available,Available,2024-12-26 11:08:30,No Change,336929,Land vs Sea,2021.0,Best with 2 players,Recommended with 2–4 players,7.11099,2473.0,1607,False,False
Leaf,Available,Available,2024-12-26 11:08:30,No Change,368676,Leaf,2023.0,Best with 3 players,Recommended with 1–4 players,7.43969,898.0,2794,False,False
Lofoten,Available,Available,2024-12-26 11:08:30,No Change,361905,Lofoten,2022.0,Best with 2 players,Recommended with 2 players,6.60937,392.0,6740,False,False
London 2nd Edition,Available,Available,2024-12-26 11:08:30,No Change,Unknown,,,,,,,,False,False
Long Shot The Dice Game,Available,Available,2024-12-26 11:08:30,No Change,295374,Long Shot: The Dice Game,2022.0,Best with 4–5 players,Recommended with 1–8 players,7.60626,8527.0,321,False,False
Lost Cities,Unavailable,Unavailable,2024-12-26 11:08:30,No Change,50,Lost Cities,1999.0,Best with 2 players,Recommended with 2 players,7.24615,47818.0,333,False,False
Magic Maze,Unavailable,Unavailable,2025-01-16 17:02:50,No Change,209778,Magic Maze,2017.0,Best with 4 players,Recommended with 2–6 players,6.94894,22361.0,729,False,False
Mandala,Available,Available,2024-12-26 11:08:30,No Change,2991,Mandala,1983.0,Best with 3–4 players,Recommended with 2–4 players,5.69286,42.0,23535,False,False
Maquis,Available,Available,2024-12-26 11:08:30,No Change,148729,Maquis,2013.0,Best with 1 players,Recommended with 1 players,7.4576,3969.0,813,False,False
Marabunta,Unavailable,Unavailable,2025-01-07 15:48:29,No Change,403265,Marabunta,2023.0,Best with 2 players,Recommended with 2 players,7.51882,737.0,2953,False,False
Meadow,Available,Available,2025-01-16 17:02:50,No Change,314491,Meadow,2021.0,Best with 2 players,Recommended with 1–4 players,7.72706,11675.0,207,False,False
Mille Fiori,Available,Available,2024-12-26 11:08:30,No Change,346501,Mille Fiori,2021.0,Best with 4 players,Recommended with 3–4 players,7.42545,4380.0,745,False,False
Mini Rogue,Available,Available,2024-12-26 11:08:30,No Change,311715,Mini Rogue,2020.0,Best with 1 players,Recommended with 1–2 players,7.36867,2753.0,1292,False,False
Mio: Brädspelet,Available,Available,2024-12-26 11:08:30,No Change,339703,Mio: Brädspelet,2021.0,Best with 3–5 players,Recommended with 1–5 players,6.13571,28.0,Not Ranked,False,False
Mists over Carcassonne (sv),Unavailable,Unavailable,2025-01-20 09:57:43,No Change,358124,Mists over Carcassonne,2022.0,Best with 2 players,Recommended with 1–4 players,7.30891,2162.0,1527,False,False
Monikers Classic (eng),Unavailable,Unavailable,2024-12-26 11:08:30,No Change,283151,Monikers: Classics,2019.0,Best with 8–12 players,Recommended with 6–16 players,8.16109,258.0,Not Ranked,False,False
Monolyth,Unavailable,Unavailable,2025-01-27 08:46:43,No Change,373759,Monolyth,2022.0,Best with 2 players,Recommended with 1–4 players,7.03693,380.0,5480,False,False
Mosaic A Story of Civilization,Unavailable,Unavailable,2025-01-07 15:48:29,No Change,329551,Mosaic: A Story of Civilization,2022.0,Best with 4 players,Recommended with 3–5 players,7.51561,4206.0,718,False,False
Munchkin Deluxe,Unavailable,Unavailable,2025-01-20 09:57:43,No Change,1927,Munchkin,2001.0,Best with 4 players,Recommended with 3–6 players,5.87263,50631.0,6043,False,False
Myretuen (Myrstacken),,,2025-01-16 17:02:50,Removed,3305,Anticipation,1987.0,Best with 4 players,Recommended with 3–4 players,5.73329,167.0,20075,False,False
Nexus Ops,Unavailable,Unavailable,2025-01-27 08:46:43,No Change,15363,Nexus Ops,2005.0,Best with 4 players,Recommended with 2–4 players,7.21097,9004.0,651,False,False
Noobs in Space,Available,Available,2024-12-26 11:08:30,No Change,376472,Noobs in Space,2023.0,Best with 4 players,Recommended with 3–5 players,7.13334,627.0,3880,False,False
Nåt Ska Bort,,,2025-01-16 17:02:50,Removed,365429,Nåt ska bort,2019.0,,(no votes),5.57143,7.0,Not Ranked,False,False
Oh S#!? (Oh Shit/ No Thanks!),Available,Available,2024-12-26 11:08:30,No Change,12942,No Thanks!,2004.0,Best with 4–5 players,Recommended with 3–7 players,7.07809,28130.0,520,False,False
Pagan: Fate of Roanoke,Unavailable,Unavailable,2024-12-26 11:08:30,No Change,319910,Pagan: Fate of Roanoke,2022.0,Best with 2 players,Recommended with 2 players,8.02019,2862.0,619,False,False
Pandemic Hot Zone - Europe (sv),Unavailable,Unavailable,2024-12-26 11:08:30,No Change,Unknown,,,,,,,,False,False
Perspectives,Unavailable,Unavailable,2024-12-26 11:08:30,No Change,168325,Perspectives,2013.0,,(no votes),5.66667,3.0,Not Ranked,False,False
Photosynthesis,Unavailable,Unavailable,2024-12-26 11:08:30,No Change,218603,Photosynthesis,2017.0,Best with 3 players,Recommended with 2–4 players,6.96204,24459.0,715,False,False
Planet,Unavailable,Unavailable,2025-01-20 09:57:43,No Change,252929,Planet,2018.0,Best with 4 players,Recommended with 2–4 players,6.6528,5730.0,1697,False,False
Point City,Available,Available,2024-12-26 11:08:30,No Change,368017,Point City,2023.0,Best with 2 players,Recommended with 1–4 players,7.20972,3401.0,1168,False,False
Port Royal: The Dice Game,Available,Available,2024-12-26 11:08:30,No Change,401779,Port Royal: The Dice Game,2023.0,Best with 3 players,Recommended with 3–4 players,6.32889,139.0,11971,False,False
Power Grid Recharged (2nd Edition),Unavailable,Unavailable,2024-12-26 11:08:30,No Change,2651,Power Grid,2004.0,Best with 4–5 players,Recommended with 3–6 players,7.80621,66530.0,66,False,False
På 5 sekunder,,,2025-01-16 17:02:50,Removed,25088,Lätt och lagom,2004.0,,(no votes),4.22727,11.0,Not Ranked,False,False
Qawale,Available,Available,2024-12-26 11:08:30,No Change,368465,Qawale,2022.0,Best with 2 players,Recommended with 2 players,7.00944,779.0,3792,False,False
Quiznödig - Hemma,Available,Available,2024-12-26 11:08:30,No Change,Unknown,,,,,,,,False,False
Quiznödig - På Festen,Available,Available,2024-12-26 11:08:30,No Change,Unknown,,,,,,,,False,False
Race for the Galaxy,Available,Available,2024-12-26 11:08:30,No Change,28143,Race for the Galaxy,2007.0,Best with 2 players,Recommended with 2–4 players,7.7429,56498.0,81,False,False
Radlands,Available,Available,2025-01-16 17:02:50,No Change,329082,Radlands,2021.0,Best with 2 players,Recommended with 2 players,7.81169,11538.0,191,False,True
Red Cathedral,Unavailable,Unavailable,2024-12-26 11:08:30,No Change,227224,The Red Cathedral,2020.0,Best with 3 players,Recommended with 1–4 players,7.69195,13202.0,206,False,False
Red Rising,Available,Available,2024-12-26 11:08:30,No Change,329465,Red Rising,2021.0,Best with 3 players,Recommended with 1–4 players,6.98971,8344.0,989,False,True
Rhino Hero,Unavailable,Unavailable,2025-01-20 09:57:43,No Change,91514,Rhino Hero,2011.0,Best with 3 players,Recommended with 2–5 players,6.90324,11520.0,956,False,False
Scout,Unavailable,Unavailable,2025-01-20 09:57:43,No Change,26681,Scout,1985.0,,(no votes),6.4,5.0,Not Ranked,False,False
Sea Salt & Paper,Unavailable,Unavailable,2024-12-26 11:08:30,No Change,367220,Sea Salt & Paper,2022.0,Best with 2 players,Recommended with 2–4 players,7.48647,12836.0,328,False,False
Sequence,Available,Available,2024-12-26 11:08:30,No Change,2375,Sequence,1982.0,Best with 3–4 players,"Recommended with 2–4, 6 players",6.13545,10985.0,3362,False,False
Set: The Family Game of Visual Perception,Available,Available,2024-12-26 11:08:30,No Change,Unknown,,,,,,,,False,False
Setup (sv),Available,Available,2024-12-26 11:08:30,No Change,161730,Dungeon Lords: Dungeon-Setup Tiles,2014.0,Best with 4 players,Recommended with 2–4 players,8.14435,62.0,Not Ranked,False,False
Sheriff Of Nottingham (sv),Unavailable,Unavailable,2025-01-07 15:48:29,No Change,396607,Disney Robin Hood: Sheriff of Nottingham Game,2023.0,Best with 5 players,Recommended with 3–5 players,7.16044,113.0,10208,False,False
Sherlock: Death on The 4th of July,Available,Available,2024-12-26 11:08:30,No Change,250779,Sherlock: Death on the 4th of July,2018.0,Best with 4 players,Recommended with 2–4 players,6.40488,965.0,4801,False,False
Sherlock: The Tomb of The Archaeologist,Available,Available,2024-12-26 11:08:30,No Change,247436,Sherlock: The Tomb of the Archaeologist,2018.0,"Best with 2, 4 players",Recommended with 2–4 players,6.62543,1170.0,3738,False,False
Side Quest: Nemesis,Available,Available,2025-01-07 15:48:29,No Change,387538,Side Quest: Nemesis,2023.0,Best with 1–2 players,Recommended with 1–2 players,6.95891,258.0,7141,False,False
Sirens,Unavailable,Unavailable,2025-01-16 17:02:50,No Change,375616,Sirens,2024.0,Best with 1–2 players,Recommended with 1–2 players,7.13856,153.0,11856,False,False
Skyrockets Festivals of Fire,Available,Available,2024-12-26 11:08:30,No Change,398684,Skyrockets: Festivals of Fire,2023.0,Best with 3 players,Recommended with 2–5 players,7.11637,282.0,6056,False,False
Sleeping Queens,Available,Available,2024-12-26 11:08:30,No Change,17053,Sleeping Queens,2005.0,Best with 4–5 players,Recommended with 2–5 players,6.4854,4839.0,2458,False,False
Sobek: 2 Players,Available,Available,2024-12-26 11:08:30,No Change,332944,Sobek: 2 Players,2021.0,Best with 2 players,Recommended with 2 players,7.1637,2509.0,1529,False,False
Sonar Family,Available,Available,2025-01-16 17:02:50,No Change,259809,Sonar Family,2018.0,Best with 4 players,"Recommended with 2, 4 players",6.82695,737.0,4152,False,False
Splendor Duel (sv),Available,Available,2024-12-26 11:08:30,No Change,364073,Splendor Duel,2022.0,Best with 2 players,Recommended with 2 players,7.91832,13240.0,111,False,False
Spots,Available,Available,2024-12-26 11:08:30,No Change,16324,Spots,2000.0,,(no votes),4.0,2.0,Not Ranked,False,False
Star Realms Deckbuilding Game,Available,Available,2024-12-26 11:08:30,No Change,Unknown,,,,,,,,False,False
Surfosaurus MAX,Unavailable,Unavailable,2025-01-16 17:02:50,No Change,394887,Surfosaurus MAX,2023.0,Best with 3 players,Recommended with 3–6 players,6.99008,703.0,3903,False,False
TEAM3 - Pink,Available,Available,2024-12-26 11:08:30,No Change,Unknown,,,,,,,,False,False
Taco Back Goat Cheese Pizza (sv + en),Available,Available,2024-12-26 11:08:30,No Change,341876,Taco Back Goat Cheese Pizza,2020.0,Best with 6 players,Recommended with 2–8 players,6.92519,323.0,6484,False,False
Takenoko,Unavailable,Unavailable,2025-01-27 08:46:43,No Change,70919,Takenoko,2011.0,Best with 3 players,Recommended with 2–4 players,7.20931,45646.0,403,False,False
Terra Nova,Unavailable,Unavailable,2024-12-26 11:08:30,No Change,20022,Terra Nova,2006.0,Best with 2 players,Recommended with 2–4 players,6.44161,1795.0,3457,False,False
Terraforming Mars,Unavailable,Unavailable,2025-01-02 08:46:25,No Change,167791,Terraforming Mars,2016.0,Best with 3 players,Recommended with 1–4 players,8.35311,102865.0,7,True,True
The Adventures of Robin Hood (en),Available,Available,2025-01-07 15:48:29,No Change,326494,The Adventures of Robin Hood,2021.0,Best with 2 players,Recommended with 1–4 players,7.47263,4347.0,751,False,False
The Fox in the Forest,Available,Available,2024-12-26 11:08:30,No Change,221965,The Fox in the Forest,2017.0,Best with 2 players,Recommended with 2 players,7.08307,16547.0,620,False,True
The Guild of Merchant Explorers,Available,Available,2024-12-26 11:08:30,No Change,350933,The Guild of Merchant Explorers,2022.0,Best with 2 players,Recommended with 1–4 players,7.68572,5387.0,424,False,False
The King Is Dead: Second Edition,Available,Available,2024-12-26 11:08:30,No Change,319966,The King Is Dead: Second Edition,2020.0,Best with 3 players,Recommended with 2–4 players,7.63011,7427.0,345,False,False
The Lord of the Rings Adventure Book Game,Available,Available,2025-01-27 08:46:43,No Change,379005,The Lord of the Rings Adventure Book Game,2023.0,Best with 2 players,Recommended with 1–2 players,7.19514,787.0,3429,False,True
The Lord of the Rings: Duel for Middle-earth (SV),Unavailable,Unavailable,2025-01-24 13:22:32,No Change,421006,The Lord of the Rings: Duel for Middle-earth,2024.0,Best with 2 players,Recommended with 2 players,8.44584,6443.0,84,True,False
The Resistance (Sv),Available,Available,2025-01-20 09:57:43,No Change,41114,The Resistance,2009.0,Best with 7 players,Recommended with 5–10 players,7.20503,41490.0,412,False,False
The Witcher: Old World (SV),Available,Available,2024-12-26 11:08:30,No Change,331106,The Witcher: Old World,2023.0,Best with 2–3 players,Recommended with 1–3 players,7.95594,6677.0,353,False,True
Ticket to Ride: Europe,Unavailable,Unavailable,2025-01-03 09:44:43,No Change,14996,Ticket to Ride: Europe,2005.0,Best with 4 players,Recommended with 2–5 players,7.52762,78792.0,169,True,False
Tiletum,Available,Available,2024-12-26 11:08:30,No Change,351913,Tiletum,2022.0,Best with 2–3 players,Recommended with 1–3 players,7.89544,5528.0,305,True,False
Tower Up,Unavailable,Unavailable,2025-01-27 08:46:43,No Change,393307,Tower Up,2024.0,Best with 3–4 players,Recommended with 2–4 players,7.5551,681.0,3058,False,False
Unlock! Escape Adventures (eng),Unavailable,Unavailable,2024-12-26 11:08:30,No Change,213460,Unlock!: Escape Adventures,2017.0,Best with 2 players,Recommended with 1–4 players,7.34752,6632.0,Not Ranked,False,True
Unlock! Escape Adventures (sv),Unavailable,Unavailable,2024-12-26 11:08:30,No Change,213460,Unlock!: Escape Adventures,2017.0,Best with 2 players,Recommended with 1–4 players,7.34752,6632.0,Not Ranked,False,False
Unlock! Kids: Detective Stories (sv),Available,Available,2024-12-26 11:08:30,No Change,327056,Unlock! Kids: Detective Stories,2021.0,Best with 2 players,Recommended with 1–2 players,7.70004,984.0,2090,False,False
Unmatched Battle Of Legends Volume One,Available,Available,2024-12-26 11:08:30,No Change,274637,"Unmatched: Battle of Legends, Volume One",2019.0,Best with 2 players,"Recommended with 2, 4 players",7.72149,9593.0,265,False,False
Unmatched Jurassic Park; Dr. Sattler vs. T. Rex,Available,Available,2024-12-26 11:08:30,No Change,284778,Unmatched: Jurassic Park – Dr. Sattler vs. T. Rex,2022.0,Best with 2 players,Recommended with 2 players,8.04454,1408.0,1356,False,False
Unmatched: Brains and Brawn,,,2025-01-24 11:43:30,Removed,383467,Unmatched: Brains and Brawn,2023.0,Best with 2 players,Recommended with 2–3 players,8.31588,654.0,2474,False,False
Votes For Women,Unavailable,Unavailable,2024-12-26 11:08:30,No Change,32824,Panko or Votes for Women,1910.0,,(no votes),0.0,0.0,Not Ranked,False,False
War Chest,Available,Available,2025-01-27 08:46:43,No Change,249259,War Chest,2018.0,Best with 2 players,"Recommended with 2, 4 players",7.83912,10732.0,184,False,False
Wavelength (sv + eng),Available,Available,2025-01-16 17:02:50,No Change,262543,Wavelength,2019.0,"Best with 6, 8 players",Recommended with 4–12 players,7.25423,14669.0,474,False,True
What Do You Meme? Recently Refreshed,Unavailable,Unavailable,2024-12-26 11:08:30,No Change,Unknown,,,,,,,,False,False
Witchstone,Available,Available,2024-12-26 11:08:30,No Change,318560,Witchstone,2021.0,Best with 3 players,Recommended with 2–4 players,7.53415,3458.0,811,False,False
World Wonders,Unavailable,Unavailable,2025-01-24 11:43:30,No Change,365258,World Wonders,2023.0,Best with 3 players,Recommended with 1–4 players,7.63187,4587.0,581,False,False
Årtalsmästarna,Available,Available,2024-12-26 11:08:30,No Change,Unknown,,,,,,,,False,False
